email,name,role
bmacherl@asu.edu,Bhanu Varshini Macherla,Admin
staff1@asu.edu,Staff 1,Staff
prof1@asu.edu,Professor 1,professor
payroll1@asu.edu,Payroll Admin,payroll_admin
admin1@asu.edu,Over All Admin,Admin
student1@asu.edu,Student 1,Student
yitingl3@asu.edu,Sylvia ,Student
sristide@asu.edu,Sristi,Student
ashkinjo@asu.edu,Ashkin,Student
kattalur@asu.edu,Karteek,Student
prof2@asu.edu,Professor 2,professor
